[{"name":"Trampoline","songNotes":[{"key":"1Key5","time":848},{"key":"1Key5","time":1035},{"key":"1Key5","time":1222},{"key":"1Key5","time":1409},{"key":"1Key5","time":1596},{"key":"1Key5","time":1783},{"key":"1Key5","time":1970},{"key":"1Key5","time":2157},{"key":"1Key5","time":2344},{"key":"1Key5","time":2531},{"key":"1Key5","time":2718},{"key":"1Key5","time":2905},{"key":"1Key12","time":3092},{"key":"1Key11","time":3466},{"key":"1Key10","time":3653},{"key":"1Key11","time":4027},{"key":"1Key1","time":4214},{"key":"1Key12","time":4214},{"key":"1Key3","time":4401},{"key":"1Key1","time":4588},{"key":"1Key8","time":4775},{"key":"1Key5","time":5149},{"key":"1Key3","time":5336},{"key":"1Key1","time":5523},{"key":"1Key8","time":5710},{"key":"1Key5","time":6084},{"key":"1Key3","time":6271},{"key":"1Key1","time":6458},{"key":"1Key8","time":6645},{"key":"1Key5","time":7019},{"key":"1Key12","time":7206},{"key":"1Key3","time":7393},{"key":"1Key1","time":7580},{"key":"1Key11","time":7580},{"key":"1Key8","time":7767},{"key":"1Key10","time":7767},{"key":"1Key5","time":8141},{"key":"1Key12","time":8141},{"key":"1Key0","time":8328},{"key":"1Key12","time":8328},{"key":"1Key3","time":8515},{"key":"1Key0","time":8702},{"key":"1Key14","time":8702},{"key":"1Key7","time":8889},{"key":"1Key12","time":8889},{"key":"1Key5","time":9263},{"key":"1Key3","time":9450},{"key":"1Key0","time":9637},{"key":"1Key7","time":9824},{"key":"1Key5","time":10198},{"key":"1Key3","time":10385},{"key":"1Key0","time":10572},{"key":"1Key7","time":10759},{"key":"1Key5","time":11133},{"key":"1Key12","time":11320},{"key":"1Key3","time":11507},{"key":"1Key0","time":11694},{"key":"1Key11","time":11694},{"key":"1Key7","time":11881},{"key":"1Key10","time":11881},{"key":"1Key5","time":12255},{"key":"1Key11","time":12255},{"key":"1Key0","time":12442},{"key":"1Key11","time":12442},{"key":"1Key2","time":12629},{"key":"1Key0","time":12816},{"key":"1Key7","time":13003},{"key":"1Key4","time":13377},{"key":"1Key2","time":13564},{"key":"1Key0","time":13751},{"key":"1Key7","time":13938},{"key":"1Key4","time":14312},{"key":"1Key2","time":14499},{"key":"1Key0","time":14686},{"key":"1Key7","time":14873},{"key":"1Key4","time":15247},{"key":"1Key11","time":15434},{"key":"1Key2","time":15621},{"key":"1Key12","time":15621},{"key":"1Key0","time":15808},{"key":"1Key12","time":15808},{"key":"1Key7","time":15995},{"key":"1Key11","time":15995},{"key":"1Key4","time":16369},{"key":"1Key10","time":16369},{"key":"1Key1","time":16556},{"key":"1Key12","time":16556},{"key":"1Key3","time":16743},{"key":"1Key1","time":16930},{"key":"1Key8","time":17117},{"key":"1Key1","time":17491},{"key":"1Key5","time":17678},{"key":"1Key3","time":17865},{"key":"1Key1","time":18052},{"key":"1Key5","time":18052},{"key":"1Key8","time":18239},{"key":"1Key5","time":18426},{"key":"1Key1","time":18613},{"key":"1Key5","time":18800},{"key":"1Key5","time":18987},{"key":"1Key5","time":19174},{"key":"1Key5","time":19361},{"key":"1Key5","time":19548},{"key":"1Key5","time":19735},{"key":"1Key5","time":19922},{"key":"1Key12","time":19922},{"key":"1Key11","time":20296},{"key":"1Key10","time":20483},{"key":"1Key11","time":20857},{"key":"1Key1","time":21044},{"key":"1Key5","time":21044},{"key":"1Key8","time":21044},{"key":"1Key12","time":21044},{"key":"1Key3","time":21231},{"key":"1Key1","time":21418},{"key":"1Key8","time":21605},{"key":"1Key5","time":21979},{"key":"1Key3","time":22166},{"key":"1Key1","time":22353},{"key":"1Key8","time":22540},{"key":"1Key5","time":22914},{"key":"1Key3","time":23101},{"key":"1Key1","time":23288},{"key":"1Key8","time":23475},{"key":"1Key5","time":23849},{"key":"1Key5","time":24036},{"key":"1Key12","time":24036},{"key":"1Key3","time":24223},{"key":"1Key1","time":24410},{"key":"1Key11","time":24410},{"key":"1Key8","time":24597},{"key":"1Key10","time":24597},{"key":"1Key5","time":24971},{"key":"1Key11","time":24971},{"key":"1Key0","time":25158},{"key":"1Key5","time":25158},{"key":"1Key7","time":25158},{"key":"1Key12","time":25158},{"key":"1Key3","time":25345},{"key":"1Key0","time":25532},{"key":"1Key14","time":25532},{"key":"1Key5","time":25719},{"key":"1Key7","time":25719},{"key":"1Key12","time":25719},{"key":"1Key5","time":26093},{"key":"1Key3","time":26280},{"key":"1Key0","time":26467},{"key":"1Key7","time":26654},{"key":"1Key5","time":27028},{"key":"1Key3","time":27215},{"key":"1Key0","time":27402},{"key":"1Key7","time":27589},{"key":"1Key5","time":27963},{"key":"1Key5","time":28150},{"key":"1Key12","time":28150},{"key":"1Key3","time":28337},{"key":"1Key0","time":28524},{"key":"1Key12","time":28524},{"key":"1Key4","time":28711},{"key":"1Key7","time":28711},{"key":"1Key11","time":28711},{"key":"1Key5","time":29085},{"key":"1Key10","time":29085},{"key":"1Key0","time":29272},{"key":"1Key2","time":29272},{"key":"1Key4","time":29272},{"key":"1Key9","time":29272},{"key":"1Key2","time":29459},{"key":"1Key0","time":29646},{"key":"1Key7","time":29833},{"key":"1Key4","time":30207},{"key":"1Key5","time":30394},{"key":"1Key12","time":30394},{"key":"1Key2","time":30581},{"key":"1Key0","time":30768},{"key":"1Key12","time":30768},{"key":"1Key4","time":30955},{"key":"1Key7","time":30955},{"key":"1Key11","time":30955},{"key":"1Key4","time":31329},{"key":"1Key10","time":31329},{"key":"1Key2","time":31516},{"key":"1Key4","time":31516},{"key":"1Key9","time":31516},{"key":"1Key2","time":31703},{"key":"1Key0","time":31890},{"key":"1Key7","time":32077},{"key":"1Key4","time":32451},{"key":"1Key5","time":32638},{"key":"1Key12","time":32638},{"key":"1Key2","time":32825},{"key":"1Key0","time":33012},{"key":"1Key11","time":33012},{"key":"1Key7","time":33199},{"key":"1Key4","time":33573},{"key":"1Key1","time":33760},{"key":"1Key7","time":33760},{"key":"1Key14","time":33760},{"key":"1Key3","time":33947},{"key":"1Key1","time":34134},{"key":"1Key8","time":34321},{"key":"1Key1","time":34695},{"key":"1Key5","time":34882},{"key":"1Key8","time":34882},{"key":"1Key3","time":35069},{"key":"1Key1","time":35256},{"key":"1Key5","time":35256},{"key":"1Key8","time":35443},{"key":"1Key5","time":35630},{"key":"1Key1","time":35817},{"key":"1Key1","time":36004},{"key":"1Key10","time":36004},{"key":"1Key3","time":36191},{"key":"1Key1","time":36378},{"key":"1Key8","time":36565},{"key":"1Key1","time":36939},{"key":"1Key12","time":37126},{"key":"1Key1","time":38248},{"key":"1Key3","time":38248},{"key":"1Key5","time":38248},{"key":"1Key8","time":38248},{"key":"1Key8","time":39370},{"key":"1Key9","time":40118},{"key":"1Key1","time":40305},{"key":"1Key3","time":40305},{"key":"1Key8","time":40305},{"key":"1Key10","time":40305},{"key":"1Key11","time":40866},{"key":"1Key0","time":41427},{"key":"1Key2","time":41427},{"key":"1Key7","time":41427},{"key":"1Key8","time":41427},{"key":"1Key7","time":41988},{"key":"1Key14","time":41988},{"key":"1Key3","time":42549},{"key":"1Key8","time":42549},{"key":"1Key10","time":42549},{"key":"1Key9","time":43671},{"key":"1Key8","time":44419},{"key":"1Key1","time":44606},{"key":"1Key4","time":44606},{"key":"1Key10","time":44606},{"key":"1Key11","time":45167},{"key":"1Key2","time":45728},{"key":"1Key5","time":45728},{"key":"1Key8","time":45728},{"key":"1Key10","time":46289},{"key":"1Key8","time":46476},{"key":"1Key1","time":46663},{"key":"1Key8","time":47785},{"key":"1Key9","time":48533},{"key":"1Key1","time":48720},{"key":"1Key3","time":48720},{"key":"1Key5","time":48720},{"key":"1Key8","time":48720},{"key":"1Key10","time":48720},{"key":"1Key11","time":49281},{"key":"1Key0","time":49842},{"key":"1Key2","time":49842},{"key":"1Key4","time":49842},{"key":"1Key7","time":49842},{"key":"1Key8","time":49842},{"key":"1Key7","time":50403},{"key":"1Key14","time":50403},{"key":"1Key1","time":50964},{"key":"1Key3","time":50964},{"key":"1Key11","time":53021},{"key":"1Key1","time":53208},{"key":"1Key3","time":53208},{"key":"1Key13","time":53208},{"key":"1Key12","time":53582},{"key":"1Key11","time":53769},{"key":"1Key2","time":54330},{"key":"1Key4","time":54330},{"key":"1Key12","time":54330},{"key":"1Key12","time":54891},{"key":"1Key5","time":58818},{"key":"1Key12","time":58818},{"key":"1Key4","time":59192},{"key":"1Key11","time":59192},{"key":"1Key3","time":59379},{"key":"1Key10","time":59379},{"key":"1Key4","time":59753},{"key":"1Key11","time":59753},{"key":"1Key5","time":59940},{"key":"1Key12","time":59940},{"key":"1Key3","time":60127},{"key":"1Key1","time":60314},{"key":"1Key8","time":60501},{"key":"1Key5","time":60875},{"key":"1Key3","time":61062},{"key":"1Key1","time":61249},{"key":"1Key8","time":61436},{"key":"1Key5","time":61810},{"key":"1Key3","time":61997},{"key":"1Key1","time":62184},{"key":"1Key8","time":62371},{"key":"1Key5","time":62745},{"key":"1Key5","time":62932},{"key":"1Key12","time":62932},{"key":"1Key3","time":63119},{"key":"1Key1","time":63306},{"key":"1Key11","time":63306},{"key":"1Key8","time":63493},{"key":"1Key10","time":63493},{"key":"1Key5","time":63867},{"key":"1Key11","time":63867},{"key":"1Key5","time":64054},{"key":"1Key7","time":64054},{"key":"1Key12","time":64054},{"key":"1Key3","time":64241},{"key":"1Key0","time":64428},{"key":"1Key14","time":64428},{"key":"1Key7","time":64615},{"key":"1Key5","time":64802},{"key":"1Key7","time":64802},{"key":"1Key12","time":64802},{"key":"1Key5","time":64989},{"key":"1Key3","time":65176},{"key":"1Key0","time":65363},{"key":"1Key7","time":65550},{"key":"1Key5","time":65924},{"key":"1Key3","time":66111},{"key":"1Key0","time":66298},{"key":"1Key7","time":66485},{"key":"1Key5","time":66859},{"key":"1Key5","time":67046},{"key":"1Key12","time":67046},{"key":"1Key3","time":67233},{"key":"1Key0","time":67420},{"key":"1Key11","time":67420},{"key":"1Key7","time":67607},{"key":"1Key10","time":67607},{"key":"1Key5","time":67981},{"key":"1Key11","time":67981},{"key":"1Key4","time":68168},{"key":"1Key11","time":68168},{"key":"1Key2","time":68355},{"key":"1Key0","time":68542},{"key":"1Key7","time":68729},{"key":"1Key4","time":69103},{"key":"1Key2","time":69290},{"key":"1Key0","time":69477},{"key":"1Key7","time":69664},{"key":"1Key4","time":70038},{"key":"1Key2","time":70225},{"key":"1Key0","time":70412},{"key":"1Key7","time":70599},{"key":"1Key4","time":70973},{"key":"1Key11","time":71160},{"key":"1Key2","time":71347},{"key":"1Key12","time":71347},{"key":"1Key0","time":71534},{"key":"1Key12","time":71534},{"key":"1Key4","time":71721},{"key":"1Key7","time":71721},{"key":"1Key11","time":71721},{"key":"1Key4","time":72095},{"key":"1Key10","time":72095},{"key":"1Key5","time":72282},{"key":"1Key12","time":72282},{"key":"1Key3","time":72469},{"key":"1Key1","time":72656},{"key":"1Key8","time":72656},{"key":"1Key8","time":72843},{"key":"1Key4","time":73217},{"key":"1Key3","time":73404},{"key":"1Key1","time":73591},{"key":"1Key8","time":73778},{"key":"1Key4","time":74152},{"key":"1Key3","time":74339},{"key":"1Key1","time":74526},{"key":"1Key1","time":74713},{"key":"1Key8","time":74713},{"key":"1Key12","time":75087},{"key":"1Key5","time":75274},{"key":"1Key12","time":75274},{"key":"1Key11","time":75648},{"key":"1Key10","time":75835},{"key":"1Key11","time":76209},{"key":"1Key5","time":76396},{"key":"1Key12","time":76396},{"key":"1Key3","time":76583},{"key":"1Key1","time":76770},{"key":"1Key8","time":76957},{"key":"1Key5","time":77331},{"key":"1Key3","time":77518},{"key":"1Key1","time":77705},{"key":"1Key8","time":77892},{"key":"1Key5","time":78266},{"key":"1Key3","time":78453},{"key":"1Key1","time":78640},{"key":"1Key8","time":78827},{"key":"1Key5","time":79201},{"key":"1Key5","time":79388},{"key":"1Key12","time":79388},{"key":"1Key3","time":79575},{"key":"1Key1","time":79762},{"key":"1Key11","time":79762},{"key":"1Key8","time":79949},{"key":"1Key10","time":79949},{"key":"1Key5","time":80323},{"key":"1Key11","time":80323},{"key":"1Key5","time":80510},{"key":"1Key7","time":80510},{"key":"1Key12","time":80510},{"key":"1Key3","time":80697},{"key":"1Key0","time":80884},{"key":"1Key14","time":80884},{"key":"1Key5","time":81071},{"key":"1Key7","time":81071},{"key":"1Key12","time":81071},{"key":"1Key5","time":81445},{"key":"1Key3","time":81632},{"key":"1Key0","time":81819},{"key":"1Key7","time":82006},{"key":"1Key5","time":82380},{"key":"1Key3","time":82567},{"key":"1Key0","time":82754},{"key":"1Key7","time":82941},{"key":"1Key5","time":83315},{"key":"1Key5","time":83502},{"key":"1Key12","time":83502},{"key":"1Key3","time":83689},{"key":"1Key0","time":83876},{"key":"1Key12","time":83876},{"key":"1Key4","time":84063},{"key":"1Key7","time":84063},{"key":"1Key11","time":84063},{"key":"1Key5","time":84437},{"key":"1Key10","time":84437},{"key":"1Key2","time":84624},{"key":"1Key4","time":84624},{"key":"1Key9","time":84624},{"key":"1Key2","time":84811},{"key":"1Key0","time":84998},{"key":"1Key7","time":85185},{"key":"1Key4","time":85559},{"key":"1Key5","time":85746},{"key":"1Key12","time":85746},{"key":"1Key2","time":85933},{"key":"1Key0","time":86120},{"key":"1Key12","time":86120},{"key":"1Key4","time":86307},{"key":"1Key7","time":86307},{"key":"1Key11","time":86307},{"key":"1Key4","time":86681},{"key":"1Key10","time":86681},{"key":"1Key2","time":86868},{"key":"1Key4","time":86868},{"key":"1Key9","time":86868},{"key":"1Key2","time":87055},{"key":"1Key0","time":87242},{"key":"1Key7","time":87429},{"key":"1Key4","time":87803},{"key":"1Key5","time":87990},{"key":"1Key12","time":87990},{"key":"1Key2","time":88177},{"key":"1Key0","time":88364},{"key":"1Key11","time":88364},{"key":"1Key7","time":88551},{"key":"1Key4","time":88925},{"key":"1Key7","time":89112},{"key":"1Key14","time":89112},{"key":"1Key3","time":89299},{"key":"1Key1","time":89486},{"key":"1Key8","time":89673},{"key":"1Key4","time":90047},{"key":"1Key8","time":90234},{"key":"1Key3","time":90421},{"key":"1Key1","time":90608},{"key":"1Key8","time":90795},{"key":"1Key4","time":91169},{"key":"1Key4","time":91356},{"key":"1Key10","time":91356},{"key":"1Key3","time":91543},{"key":"1Key1","time":91730},{"key":"1Key5","time":91917},{"key":"1Key8","time":92104},{"key":"1Key4","time":92291},{"key":"1Key12","time":92291},{"key":"1Key1","time":93413},{"key":"1Key3","time":93413},{"key":"1Key5","time":93413},{"key":"1Key8","time":93413},{"key":"1Key8","time":94535},{"key":"1Key9","time":95283},{"key":"1Key1","time":95470},{"key":"1Key3","time":95470},{"key":"1Key8","time":95470},{"key":"1Key10","time":95470},{"key":"1Key11","time":96031},{"key":"1Key0","time":96592},{"key":"1Key2","time":96592},{"key":"1Key7","time":96592},{"key":"1Key8","time":96592},{"key":"1Key7","time":97153},{"key":"1Key14","time":97153},{"key":"1Key3","time":97714},{"key":"1Key8","time":97714},{"key":"1Key10","time":97714},{"key":"1Key9","time":98836},{"key":"1Key8","time":99584},{"key":"1Key1","time":99771},{"key":"1Key4","time":99771},{"key":"1Key10","time":99771},{"key":"1Key11","time":100332},{"key":"1Key2","time":100893},{"key":"1Key5","time":100893},{"key":"1Key8","time":100893},{"key":"1Key10","time":101454},{"key":"1Key8","time":101641},{"key":"1Key1","time":101828},{"key":"1Key8","time":102950},{"key":"1Key9","time":103698},{"key":"1Key1","time":103885},{"key":"1Key3","time":103885},{"key":"1Key5","time":103885},{"key":"1Key8","time":103885},{"key":"1Key10","time":103885},{"key":"1Key11","time":104446},{"key":"1Key0","time":105007},{"key":"1Key2","time":105007},{"key":"1Key4","time":105007},{"key":"1Key7","time":105007},{"key":"1Key8","time":105007},{"key":"1Key7","time":105568},{"key":"1Key14","time":105568},{"key":"1Key1","time":106129},{"key":"1Key3","time":106129},{"key":"1Key11","time":108186},{"key":"1Key1","time":108373},{"key":"1Key3","time":108373},{"key":"1Key13","time":108373},{"key":"1Key12","time":108747},{"key":"1Key11","time":108934},{"key":"1Key2","time":109495},{"key":"1Key4","time":109495},{"key":"1Key12","time":109495},{"key":"1Key12","time":110056},{"key":"1Key1","time":110617},{"key":"1Key3","time":110617},{"key":"1Key5","time":110617},{"key":"1Key8","time":110617},{"key":"1Key8","time":110991},{"key":"1Key8","time":111178},{"key":"1Key8","time":111365},{"key":"1Key8","time":111739},{"key":"1Key8","time":111926},{"key":"1Key9","time":112113},{"key":"1Key1","time":112300},{"key":"1Key3","time":112300},{"key":"1Key8","time":112300},{"key":"1Key10","time":112300},{"key":"1Key8","time":112487},{"key":"1Key8","time":112674},{"key":"1Key8","time":112861},{"key":"1Key11","time":113048},{"key":"1Key8","time":113235},{"key":"1Key0","time":113422},{"key":"1Key2","time":113422},{"key":"1Key7","time":113422},{"key":"1Key8","time":113422},{"key":"1Key0","time":113796},{"key":"1Key7","time":113983},{"key":"1Key14","time":113983},{"key":"1Key0","time":114170},{"key":"1Key3","time":114357},{"key":"1Key8","time":114357},{"key":"1Key10","time":114357},{"key":"1Key3","time":114731},{"key":"1Key3","time":114918},{"key":"1Key3","time":115105},{"key":"1Key9","time":115105},{"key":"1Key3","time":115479},{"key":"1Key3","time":115666},{"key":"1Key8","time":115853},{"key":"1Key1","time":116040},{"key":"1Key4","time":116040},{"key":"1Key10","time":116040},{"key":"1Key4","time":116414},{"key":"1Key11","time":116601},{"key":"1Key4","time":116788},{"key":"1Key2","time":116975},{"key":"1Key5","time":116975},{"key":"1Key8","time":116975},{"key":"1Key10","time":117536},{"key":"1Key8","time":117723},{"key":"1Key1","time":117910},{"key":"1Key8","time":119032},{"key":"1Key9","time":119780},{"key":"1Key1","time":119967},{"key":"1Key3","time":119967},{"key":"1Key8","time":119967},{"key":"1Key10","time":119967},{"key":"1Key8","time":120154},{"key":"1Key8","time":120341},{"key":"1Key8","time":120528},{"key":"1Key11","time":120715},{"key":"1Key8","time":120902},{"key":"1Key0","time":121089},{"key":"1Key2","time":121089},{"key":"1Key7","time":121089},{"key":"1Key8","time":121089},{"key":"1Key0","time":121463},{"key":"1Key7","time":121650},{"key":"1Key14","time":121650},{"key":"1Key0","time":121837},{"key":"1Key1","time":122024},{"key":"1Key3","time":122024},{"key":"1Key3","time":122398},{"key":"1Key3","time":122585},{"key":"1Key3","time":122772},{"key":"1Key3","time":123146},{"key":"1Key3","time":123333},{"key":"1Key11","time":123520},{"key":"1Key1","time":123707},{"key":"1Key3","time":123707},{"key":"1Key13","time":123707},{"key":"1Key3","time":124081},{"key":"1Key12","time":124081},{"key":"1Key11","time":124268},{"key":"1Key3","time":124455},{"key":"1Key2","time":124642},{"key":"1Key4","time":124642},{"key":"1Key12","time":124642},{"key":"1Key4","time":125016},{"key":"1Key12","time":125203},{"key":"1Key4","time":125390},{"key":"1Key0","time":128008},{"key":"1Key1","time":128195},{"key":"1Key2","time":128382},{"key":"1Key3","time":128569},{"key":"1Key4","time":128756},{"key":"1Key5","time":128943},{"key":"1Key5","time":130813},{"key":"1Key3","time":133244},{"key":"1Key1","time":133431},{"key":"1Key8","time":133618},{"key":"1Key5","time":133992},{"key":"1Key12","time":134179},{"key":"1Key3","time":134366},{"key":"1Key1","time":134553},{"key":"1Key8","time":134740},{"key":"1Key5","time":135114},{"key":"1Key3","time":135301},{"key":"1Key1","time":135488},{"key":"1Key8","time":135675},{"key":"1Key5","time":136049},{"key":"1Key3","time":136236},{"key":"1Key1","time":136423},{"key":"1Key8","time":136610},{"key":"1Key5","time":136984},{"key":"1Key3","time":137171},{"key":"1Key0","time":137358},{"key":"1Key7","time":137545},{"key":"1Key12","time":137545},{"key":"1Key5","time":137919},{"key":"1Key3","time":138106},{"key":"1Key12","time":138106},{"key":"1Key0","time":138293},{"key":"1Key7","time":138480},{"key":"1Key5","time":138854},{"key":"1Key11","time":138854},{"key":"1Key13","time":139041},{"key":"1Key3","time":139228},{"key":"1Key0","time":139415},{"key":"1Key12","time":139415},{"key":"1Key7","time":139602},{"key":"1Key11","time":139602},{"key":"1Key5","time":139976},{"key":"1Key12","time":140163},{"key":"1Key3","time":140350},{"key":"1Key0","time":140537},{"key":"1Key7","time":140724},{"key":"1Key12","time":140724},{"key":"1Key5","time":141098},{"key":"1Key2","time":141285},{"key":"1Key13","time":141285},{"key":"1Key0","time":141472},{"key":"1Key7","time":141659},{"key":"1Key4","time":142033},{"key":"1Key2","time":142220},{"key":"1Key0","time":142407},{"key":"1Key7","time":142594},{"key":"1Key4","time":142968},{"key":"1Key7","time":143155},{"key":"1Key14","time":143155},{"key":"1Key2","time":143342},{"key":"1Key0","time":143529},{"key":"1Key7","time":143716},{"key":"1Key4","time":144090},{"key":"1Key8","time":144277},{"key":"1Key2","time":144464},{"key":"1Key0","time":144651},{"key":"1Key7","time":144838},{"key":"1Key4","time":145212},{"key":"1Key10","time":145399},{"key":"1Key3","time":145586},{"key":"1Key1","time":145773},{"key":"1Key8","time":145960},{"key":"1Key4","time":146334},{"key":"1Key12","time":146521},{"key":"1Key3","time":146708},{"key":"1Key1","time":146895},{"key":"1Key8","time":147082},{"key":"1Key4","time":147456},{"key":"1Key4","time":147643},{"key":"1Key3","time":147830},{"key":"1Key1","time":148017},{"key":"1Key5","time":148204},{"key":"1Key1","time":148391},{"key":"1Key8","time":148391},{"key":"1Key12","time":148578},{"key":"1Key11","time":148952},{"key":"1Key10","time":149139},{"key":"1Key11","time":149513},{"key":"1Key12","time":149700},{"key":"1Key3","time":149887},{"key":"1Key1","time":150074},{"key":"1Key8","time":150261},{"key":"1Key5","time":150635},{"key":"1Key3","time":150822},{"key":"1Key7","time":150822},{"key":"1Key8","time":150822},{"key":"1Key10","time":150822},{"key":"1Key3","time":151009},{"key":"1Key1","time":151196},{"key":"1Key8","time":151383},{"key":"1Key5","time":151757},{"key":"1Key3","time":151944},{"key":"1Key1","time":152131},{"key":"1Key8","time":152318},{"key":"1Key5","time":152692},{"key":"1Key12","time":152879},{"key":"1Key3","time":153066},{"key":"1Key1","time":153253},{"key":"1Key11","time":153253},{"key":"1Key8","time":153440},{"key":"1Key10","time":153440},{"key":"1Key5","time":153814},{"key":"1Key11","time":153814},{"key":"1Key12","time":154001},{"key":"1Key3","time":154188},{"key":"1Key0","time":154375},{"key":"1Key14","time":154375},{"key":"1Key7","time":154562},{"key":"1Key12","time":154562},{"key":"1Key5","time":154936},{"key":"1Key3","time":155123},{"key":"1Key7","time":155123},{"key":"1Key8","time":155123},{"key":"1Key10","time":155123},{"key":"1Key3","time":155310},{"key":"1Key0","time":155497},{"key":"1Key7","time":155684},{"key":"1Key5","time":156058},{"key":"1Key3","time":156245},{"key":"1Key0","time":156432},{"key":"1Key7","time":156619},{"key":"1Key5","time":156993},{"key":"1Key12","time":157180},{"key":"1Key3","time":157367},{"key":"1Key0","time":157554},{"key":"1Key11","time":157554},{"key":"1Key7","time":157741},{"key":"1Key10","time":157741},{"key":"1Key5","time":158115},{"key":"1Key11","time":158115},{"key":"1Key11","time":158302},{"key":"1Key2","time":158489},{"key":"1Key0","time":158676},{"key":"1Key7","time":158863},{"key":"1Key4","time":159237},{"key":"1Key2","time":159424},{"key":"1Key7","time":159424},{"key":"1Key9","time":159424},{"key":"1Key2","time":159611},{"key":"1Key0","time":159798},{"key":"1Key7","time":159985},{"key":"1Key4","time":160359},{"key":"1Key2","time":160546},{"key":"1Key0","time":160733},{"key":"1Key7","time":160920},{"key":"1Key4","time":161294},{"key":"1Key11","time":161481},{"key":"1Key2","time":161668},{"key":"1Key12","time":161668},{"key":"1Key0","time":161855},{"key":"1Key12","time":161855},{"key":"1Key7","time":162042},{"key":"1Key11","time":162042},{"key":"1Key4","time":162416},{"key":"1Key10","time":162416},{"key":"1Key8","time":162603},{"key":"1Key12","time":162603},{"key":"1Key3","time":162790},{"key":"1Key1","time":162977},{"key":"1Key8","time":163164},{"key":"1Key4","time":163538},{"key":"1Key9","time":163725},{"key":"1Key3","time":163912},{"key":"1Key1","time":164099},{"key":"1Key8","time":164286},{"key":"1Key4","time":164660},{"key":"1Key4","time":164847},{"key":"1Key10","time":164847},{"key":"1Key3","time":165034},{"key":"1Key1","time":165221},{"key":"1Key5","time":165408},{"key":"1Key1","time":165595},{"key":"1Key8","time":165595},{"key":"1Key12","time":165782},{"key":"1Key1","time":166530},{"key":"1Key8","time":167839},{"key":"1Key9","time":168587},{"key":"1Key1","time":168774},{"key":"1Key3","time":168774},{"key":"1Key8","time":168774},{"key":"1Key10","time":168774},{"key":"1Key11","time":169335},{"key":"1Key0","time":169896},{"key":"1Key2","time":169896},{"key":"1Key7","time":169896},{"key":"1Key8","time":169896},{"key":"1Key7","time":170457},{"key":"1Key14","time":170457},{"key":"1Key3","time":171018},{"key":"1Key8","time":171018},{"key":"1Key10","time":171018},{"key":"1Key9","time":172140},{"key":"1Key8","time":172888},{"key":"1Key1","time":173075},{"key":"1Key4","time":173075},{"key":"1Key10","time":173075},{"key":"1Key11","time":173636},{"key":"1Key2","time":174197},{"key":"1Key5","time":174197},{"key":"1Key8","time":174197},{"key":"1Key10","time":174758},{"key":"1Key8","time":174945},{"key":"1Key1","time":175132},{"key":"1Key8","time":176254},{"key":"1Key9","time":177002},{"key":"1Key1","time":177189},{"key":"1Key3","time":177189},{"key":"1Key5","time":177189},{"key":"1Key8","time":177189},{"key":"1Key10","time":177189},{"key":"1Key11","time":177750},{"key":"1Key0","time":178311},{"key":"1Key2","time":178311},{"key":"1Key4","time":178311},{"key":"1Key7","time":178311},{"key":"1Key8","time":178311},{"key":"1Key7","time":178872},{"key":"1Key14","time":178872},{"key":"1Key1","time":179433},{"key":"1Key3","time":179433},{"key":"1Key11","time":181490},{"key":"1Key1","time":181677},{"key":"1Key3","time":181677},{"key":"1Key13","time":181677},{"key":"1Key12","time":182051},{"key":"1Key11","time":182238},{"key":"1Key2","time":182799},{"key":"1Key4","time":182799},{"key":"1Key12","time":182799},{"key":"1Key12","time":183360},{"key":"1Key1","time":183921},{"key":"1Key8","time":183921},{"key":"1Key1","time":184482},{"key":"1Key1","time":185043},{"key":"1Key8","time":185043},{"key":"1Key1","time":185604},{"key":"1Key9","time":185791},{"key":"1Key1","time":185978},{"key":"1Key10","time":185978},{"key":"1Key1","time":186539},{"key":"1Key11","time":186539},{"key":"1Key2","time":187100},{"key":"1Key8","time":187100},{"key":"1Key9","time":187100},{"key":"1Key2","time":187661},{"key":"1Key7","time":187661},{"key":"1Key14","time":187661},{"key":"1Key3","time":188222},{"key":"1Key10","time":188222},{"key":"1Key3","time":188783},{"key":"1Key3","time":189344},{"key":"1Key9","time":189344},{"key":"1Key3","time":189905},{"key":"1Key8","time":190092},{"key":"1Key4","time":190279},{"key":"1Key10","time":190279},{"key":"1Key11","time":190279},{"key":"1Key4","time":190840},{"key":"1Key11","time":190840},{"key":"1Key5","time":191401},{"key":"1Key8","time":191401},{"key":"1Key12","time":191401},{"key":"1Key5","time":191962},{"key":"1Key10","time":191962},{"key":"1Key8","time":192149},{"key":"1Key4","time":192336},{"key":"1Key4","time":192897},{"key":"1Key4","time":193458},{"key":"1Key8","time":193458},{"key":"1Key4","time":194019},{"key":"1Key9","time":194206},{"key":"1Key0","time":194393},{"key":"1Key4","time":194393},{"key":"1Key7","time":194393},{"key":"1Key10","time":194393},{"key":"1Key11","time":194954},{"key":"1Key1","time":195515},{"key":"1Key3","time":195515},{"key":"1Key5","time":195515},{"key":"1Key8","time":195515},{"key":"1Key7","time":196076},{"key":"1Key14","time":196076},{"key":"1Key3","time":196637},{"key":"1Key11","time":198694},{"key":"1Key3","time":198881},{"key":"1Key13","time":198881},{"key":"1Key12","time":199255},{"key":"1Key11","time":199442},{"key":"1Key4","time":200003},{"key":"1Key12","time":200003},{"key":"1Key12","time":200564}]}]